{"cameraMode":{"drawMode":0,"name":"Shaded","section":"Shading Mode"},"sceneLighting":false,"audioPlay":false,"sceneViewState":{"showFog":true,"showMaterialUpdate":false,"showSkybox":false,"showFlares":true,"showImageEffects":true,"showParticleSystems":true},"in2DMode":false,"pivot":{"x":1.690000057220459,"y":2.052999973297119,"z":-4.820000171661377},"rotation":{"x":-0.037665095180273059,"y":0.7490206956863403,"z":-0.04274221137166023,"w":-0.6601150035858154},"size":0.8660253882408142,"orthographic":false}