{"cameraMode":{"drawMode":0,"name":"Shaded","section":"Shading Mode"},"sceneLighting":true,"audioPlay":false,"sceneViewState":{"showFog":true,"showMaterialUpdate":false,"showSkybox":true,"showFlares":true,"showImageEffects":true,"showParticleSystems":true},"in2DMode":false,"pivot":{"x":8.442200660705567,"y":1.295724868774414,"z":-4.174712657928467},"rotation":{"x":-0.49473899602890017,"y":-0.00006397786637535319,"z":-0.00020719053281936795,"w":-0.8691142797470093},"size":4.979382038116455,"orthographic":false}