{"cameraMode":{"drawMode":0,"name":"Shaded","section":"Shading Mode"},"sceneLighting":false,"audioPlay":false,"sceneViewState":{"showFog":true,"showMaterialUpdate":false,"showSkybox":false,"showFlares":true,"showImageEffects":true,"showParticleSystems":true},"in2DMode":false,"pivot":{"x":1.8200000524520875,"y":1.9600000381469727,"z":-3.9000000953674318},"rotation":{"x":0.10406438261270523,"y":-0.6477646827697754,"z":0.08997085690498352,"w":0.7493455410003662},"size":0.43301278352737429,"orthographic":false}